Date,PM2.5 Mean
2020-01-01,9.09
2020-01-02,9.13
2020-01-03,16.3
2020-01-04,6.77
2020-01-05,5.24
2020-01-06,7.36
2020-01-07,9.38
2020-01-08,3.71
2020-01-09,4.83
2020-01-10,7.63
2020-01-11,5.91
2020-01-12,4.86
2020-01-13,2.95
2020-01-14,6.09
2020-01-15,6.29
2020-01-16,4.92
2020-01-17,6.96
2020-01-18,5.27
2020-01-19,7.86
2020-01-20,11.6
2020-01-21,3.46
2020-01-22,7.21
2020-01-23,9.95
2020-01-24,7.46
2020-01-25,8.27
2020-01-26,4.61
2020-01-27,7.5
2020-01-28,7.92
2020-01-29,10.7
2020-01-30,8.17
2020-01-31,14.1
2020-02-01,19.1
2020-02-02,5.14
2020-02-03,2.95
2020-02-04,5.08
2020-02-05,8.79
2020-02-06,11.6
2020-02-07,8.71
2020-02-08,9.35
2020-02-09,3.95
2020-02-10,6.45
2020-02-11,6.95
2020-02-12,13.6
2020-02-13,7.67
2020-02-14,8.46
2020-02-15,8.95
2020-02-16,6.4
2020-02-17,9.41
2020-02-18,8.17
2020-02-19,9.42
2020-02-20,13.8
2020-02-21,12.5
2020-02-22,12.8
2020-02-23,6.81
2020-02-24,8.76
2020-02-25,11.4
2020-02-26,13.1
2020-02-27,15.5
2020-02-28,14.3
2020-02-29,14.085714285714287
2020-03-01,13.871428571428572
2020-03-02,13.657142857142858
2020-03-03,13.442857142857143
2020-03-04,13.22857142857143
2020-03-05,13.014285714285714
2020-03-06,12.8
2020-03-07,12.585714285714287
2020-03-08,12.371428571428572
2020-03-09,12.157142857142858
2020-03-10,11.942857142857143
2020-03-11,11.72857142857143
2020-03-12,11.514285714285716
2020-03-13,11.3
2020-03-14,11.085714285714287
2020-03-15,10.871428571428572
2020-03-16,10.657142857142858
2020-03-17,10.442857142857143
2020-03-18,10.22857142857143
2020-03-19,10.014285714285716
2020-03-20,9.8
2020-03-21,9.585714285714287
2020-03-22,9.371428571428572
2020-03-23,9.157142857142858
2020-03-24,8.942857142857143
2020-03-25,8.72857142857143
2020-03-26,8.514285714285716
2020-03-27,8.3
2020-03-28,8.085714285714287
2020-03-29,7.871428571428573
2020-03-30,7.657142857142858
2020-03-31,7.442857142857144
2020-04-01,7.2285714285714295
2020-04-02,7.014285714285715
2020-04-03,6.800000000000001
2020-04-04,6.585714285714287
2020-04-05,6.371428571428573
2020-04-06,6.157142857142858
2020-04-07,5.942857142857144
2020-04-08,5.7285714285714295
2020-04-09,5.514285714285715
2020-04-10,5.3
2020-04-11,3.23
2020-04-12,11.9
2020-04-13,13.2
2020-04-14,8.71
2020-04-15,11.8
2020-04-16,4.87
2020-04-17,6.71
2020-04-18,5.64
2020-04-19,5.05
2020-04-20,5.33
2020-04-21,5.68
2020-04-22,6.85
2020-04-23,4.13
2020-04-24,9.25
2020-04-25,5.55
2020-04-26,5.0
2020-04-27,6.0
2020-04-28,3.67
2020-04-29,3.58
2020-04-30,5.35
2020-05-01,6.09
2020-05-02,1.89
2020-05-03,5.9
2020-05-04,7.06
2020-05-05,4.9
2020-05-06,8.06
2020-05-07,13.8
2020-05-08,13.6
2020-05-09,8.65
2020-05-10,7.18
2020-05-11,3.93
2020-05-12,5.0
2020-05-13,5.3
2020-05-14,3.8
2020-05-15,3.35
2020-05-16,1.68
2020-05-17,4.84
2020-05-18,4.06
2020-05-19,4.79
2020-05-20,6.64
2020-05-21,8.71
2020-05-22,8.52
2020-05-23,10.9
2020-05-24,12.1
2020-05-25,12.9
2020-05-26,12.1
2020-05-27,12.2
2020-05-28,4.27
2020-05-29,2.83
2020-05-30,3.5
2020-05-31,4.1
2020-06-01,9.05
2020-06-02,13.3
2020-06-03,15.5
2020-06-04,18.0
2020-06-05,10.6
2020-06-06,5.92
2020-06-07,5.92
2020-06-08,5.95
2020-06-09,6.004069767441861
2020-06-10,6.058139534883721
2020-06-11,6.1122093023255815
2020-06-12,6.166279069767442
2020-06-13,6.220348837209302
2020-06-14,6.274418604651163
2020-06-15,6.328488372093023
2020-06-16,6.382558139534884
2020-06-17,6.436627906976744
2020-06-18,6.4906976744186045
2020-06-19,6.544767441860465
2020-06-20,6.598837209302325
2020-06-21,6.652906976744186
2020-06-22,6.706976744186046
2020-06-23,6.761046511627907
2020-06-24,6.815116279069768
2020-06-25,6.869186046511628
2020-06-26,6.923255813953489
2020-06-27,6.977325581395349
2020-06-28,7.03139534883721
2020-06-29,7.08546511627907
2020-06-30,7.1395348837209305
2020-07-01,7.193604651162791
2020-07-02,7.247674418604651
2020-07-03,7.301744186046512
2020-07-04,7.355813953488372
2020-07-05,7.409883720930233
2020-07-06,7.463953488372093
2020-07-07,7.5180232558139535
2020-07-08,7.572093023255814
2020-07-09,7.626162790697674
2020-07-10,7.680232558139535
2020-07-11,7.734302325581395
2020-07-12,7.788372093023256
2020-07-13,7.842441860465116
2020-07-14,7.8965116279069765
2020-07-15,7.950581395348837
2020-07-16,8.004651162790697
2020-07-17,8.058720930232559
2020-07-18,8.112790697674418
2020-07-19,8.16686046511628
2020-07-20,8.220930232558139
2020-07-21,8.275
2020-07-22,8.32906976744186
2020-07-23,8.383139534883721
2020-07-24,8.43720930232558
2020-07-25,8.491279069767442
2020-07-26,8.545348837209302
2020-07-27,8.599418604651163
2020-07-28,8.653488372093022
2020-07-29,8.707558139534884
2020-07-30,8.761627906976743
2020-07-31,8.815697674418605
2020-08-01,8.869767441860464
2020-08-02,8.923837209302325
2020-08-03,8.977906976744185
2020-08-04,9.031976744186046
2020-08-05,9.086046511627906
2020-08-06,9.140116279069767
2020-08-07,9.194186046511627
2020-08-08,9.248255813953488
2020-08-09,9.302325581395348
2020-08-10,9.356395348837209
2020-08-11,9.41046511627907
2020-08-12,9.46453488372093
2020-08-13,9.518604651162791
2020-08-14,9.57267441860465
2020-08-15,9.626744186046512
2020-08-16,9.680813953488371
2020-08-17,9.734883720930233
2020-08-18,9.788953488372092
2020-08-19,9.843023255813954
2020-08-20,9.897093023255813
2020-08-21,9.951162790697675
2020-08-22,10.005232558139534
2020-08-23,10.059302325581395
2020-08-24,10.113372093023255
2020-08-25,10.167441860465116
2020-08-26,10.221511627906976
2020-08-27,10.275581395348837
2020-08-28,10.329651162790697
2020-08-29,10.383720930232558
2020-08-30,10.437790697674417
2020-08-31,10.491860465116279
2020-09-01,10.545930232558138
2020-09-02,10.6
2020-09-03,23.5
2020-09-04,18.6
2020-09-05,21.9
2020-09-06,41.3
2020-09-07,21.1
2020-09-08,11.7
2020-09-09,27.2
2020-09-10,129.0
2020-09-11,151.0
2020-09-12,93.7
2020-09-13,107.0
2020-09-14,111.0
2020-09-15,21.9
2020-09-16,0.882
2020-09-17,3.63
2020-09-18,5.55
2020-09-19,9.0
2020-09-20,13.4
2020-09-21,10.2
2020-09-22,4.27
2020-09-23,2.25
2020-09-24,4.2
2020-09-25,9.96
2020-09-26,8.38
2020-09-27,19.5
2020-09-28,19.3
2020-09-29,3.25
2020-09-30,17.4
2020-10-01,47.0
2020-10-02,46.9
2020-10-03,15.1
2020-10-04,9.0
2020-10-05,8.18
2020-10-06,12.8
2020-10-07,27.2
2020-10-08,16.1
2020-10-09,1.38
2020-10-10,3.14
2020-10-11,5.8
2020-10-12,10.9
2020-10-13,10.7
2020-10-14,11.5
2020-10-15,15.3
2020-10-16,10.4
2020-10-17,12.4
2020-10-18,12.7
2020-10-19,8.42
2020-10-20,8.83
2020-10-21,12.9
2020-10-22,11.0
2020-10-23,7.43
2020-10-24,7.95
2020-10-25,6.89
2020-10-26,8.29
2020-10-27,10.2
2020-10-28,12.3
2020-10-29,17.3
2020-10-30,12.1
2020-10-31,10.5
2020-11-01,10.45029411764706
2020-11-02,10.400588235294117
2020-11-03,10.350882352941177
2020-11-04,10.301176470588235
2020-11-05,10.251470588235295
2020-11-06,10.201764705882352
2020-11-07,10.152058823529412
2020-11-08,10.10235294117647
2020-11-09,10.05264705882353
2020-11-10,10.00294117647059
2020-11-11,9.953235294117647
2020-11-12,9.903529411764707
2020-11-13,9.853823529411764
2020-11-14,9.804117647058824
2020-11-15,9.754411764705882
2020-11-16,9.704705882352942
2020-11-17,9.655
2020-11-18,9.605294117647059
2020-11-19,9.555588235294117
2020-11-20,9.505882352941176
2020-11-21,9.456176470588236
2020-11-22,9.406470588235294
2020-11-23,9.356764705882354
2020-11-24,9.307058823529411
2020-11-25,9.257352941176471
2020-11-26,9.207647058823529
2020-11-27,9.157941176470588
2020-11-28,9.108235294117646
2020-11-29,9.058529411764706
2020-11-30,9.008823529411766
2020-12-01,8.959117647058823
2020-12-02,8.909411764705883
2020-12-03,8.85970588235294
2020-12-04,8.81
2020-12-05,8.760294117647058
2020-12-06,8.710588235294118
2020-12-07,8.660882352941176
2020-12-08,8.611176470588235
2020-12-09,8.561470588235293
2020-12-10,8.511764705882353
2020-12-11,8.462058823529413
2020-12-12,8.41235294117647
2020-12-13,8.36264705882353
2020-12-14,8.312941176470588
2020-12-15,8.263235294117647
2020-12-16,8.213529411764705
2020-12-17,8.163823529411765
2020-12-18,8.114117647058823
2020-12-19,8.064411764705882
2020-12-20,8.014705882352942
2020-12-21,7.965
2020-12-22,7.915294117647059
2020-12-23,7.865588235294117
2020-12-24,7.815882352941176
2020-12-25,7.766176470588236
2020-12-26,7.716470588235294
2020-12-27,7.666764705882353
2020-12-28,7.617058823529412
2020-12-29,7.567352941176471
2020-12-30,7.517647058823529
2020-12-31,7.467941176470588
2021-01-01,7.418235294117647
2021-01-02,7.3685294117647056
2021-01-03,7.318823529411764
2021-01-04,7.269117647058824
2021-01-05,7.219411764705883
2021-01-06,7.169705882352941
2021-01-07,7.12
2021-01-08,7.070294117647059
2021-01-09,7.020588235294118
2021-01-10,6.970882352941176
2021-01-11,6.921176470588235
2021-01-12,6.871470588235294
2021-01-13,6.821764705882353
2021-01-14,6.772058823529412
2021-01-15,6.722352941176471
2021-01-16,6.67264705882353
2021-01-17,6.622941176470588
2021-01-18,6.573235294117647
2021-01-19,6.523529411764706
2021-01-20,6.4738235294117645
2021-01-21,6.424117647058823
2021-01-22,6.374411764705882
2021-01-23,6.324705882352942
2021-01-24,6.275
2021-01-25,6.225294117647059
2021-01-26,6.175588235294118
2021-01-27,6.125882352941177
2021-01-28,6.076176470588235
2021-01-29,6.026470588235294
2021-01-30,5.976764705882353
2021-01-31,5.9270588235294115
2021-02-01,5.87735294117647
2021-02-02,5.82764705882353
2021-02-03,5.777941176470589
2021-02-04,5.728235294117647
2021-02-05,5.678529411764706
2021-02-06,5.628823529411765
2021-02-07,5.5791176470588235
2021-02-08,5.529411764705882
2021-02-09,5.479705882352941
2021-02-10,5.43
2021-02-11,4.42
2021-02-12,3.57
2021-02-13,4.72
2021-02-14,5.79
2021-02-15,9.17
2021-02-16,7.78
2021-02-17,5.81
2021-02-18,6.64
2021-02-19,6.0
2021-02-20,7.17
2021-02-21,6.0
2021-02-22,9.86
2021-02-23,8.788
2021-02-24,7.715999999999999
2021-02-25,6.644
2021-02-26,5.572
2021-02-27,4.5
2021-02-28,4.5
2021-03-01,6.65
2021-03-02,8.76
2021-03-03,8.57
2021-03-04,8.48
2021-03-05,6.59
2021-03-06,0.0
2021-03-07,5.3
2021-03-08,5.3
2021-03-09,3.4
2021-03-10,1.71
2021-03-11,1.55
2021-03-12,6.26
2021-03-13,5.0
2021-03-14,2.44
2021-03-15,4.59
2021-03-16,4.0
2021-03-17,4.11
2021-03-18,5.65
2021-03-19,3.17
2021-03-20,2.18
2021-03-21,4.75
2021-03-22,6.18
2021-03-23,1.43
2021-03-24,6.4
2021-03-25,7.68
2021-03-26,6.9
2021-03-27,9.38
2021-03-28,7.47
2021-03-29,10.9
2021-03-30,8.31
2021-03-31,14.4
2021-04-01,8.25
2021-04-02,8.25
2021-04-03,5.77
2021-04-04,4.17
2021-04-05,4.5
2021-04-06,8.55
2021-04-07,7.0
2021-04-08,6.2
2021-04-09,8.88
2021-04-10,8.54
2021-04-11,8.391363636363636
2021-04-12,8.242727272727272
2021-04-13,8.094090909090909
2021-04-14,7.945454545454544
2021-04-15,7.796818181818181
2021-04-16,7.6481818181818175
2021-04-17,7.499545454545454
2021-04-18,7.35090909090909
2021-04-19,7.202272727272726
2021-04-20,7.053636363636363
2021-04-21,6.904999999999999
2021-04-22,6.756363636363636
2021-04-23,6.6077272727272724
2021-04-24,6.459090909090908
2021-04-25,6.310454545454545
2021-04-26,6.161818181818181
2021-04-27,6.013181818181818
2021-04-28,5.864545454545454
2021-04-29,5.71590909090909
2021-04-30,5.5672727272727265
2021-05-01,5.418636363636363
2021-05-02,5.27
2021-05-03,5.121363636363636
2021-05-04,4.972727272727273
2021-05-05,4.824090909090908
2021-05-06,4.675454545454545
2021-05-07,4.526818181818181
2021-05-08,4.378181818181818
2021-05-09,4.2295454545454545
2021-05-10,4.08090909090909
2021-05-11,3.9322727272727267
2021-05-12,3.7836363636363632
2021-05-13,3.635
2021-05-14,3.486363636363636
2021-05-15,3.3377272727272724
2021-05-16,3.1890909090909085
2021-05-17,3.040454545454545
2021-05-18,2.8918181818181816
2021-05-19,2.7431818181818177
2021-05-20,2.5945454545454543
2021-05-21,2.445909090909091
2021-05-22,2.297272727272727
2021-05-23,2.1486363636363635
2021-05-24,2.0
2021-05-25,2.33
2021-05-26,5.38
2021-05-27,5.38
2021-05-28,9.0
2021-05-29,10.3
2021-05-30,15.2
2021-05-31,15.3
2021-06-01,1.33
2021-06-02,1.06
2021-06-03,1.54
2021-06-04,6.75
2021-06-05,11.2
2021-06-06,13.6
2021-06-07,7.23
2021-06-08,2.14
2021-06-09,1.64
2021-06-10,1.64
2021-06-11,1.7
2021-06-12,-0.875
2021-06-13,-0.692
2021-06-14,1.17
2021-06-15,4.44
2021-06-16,17.1
2021-06-17,17.1
2021-06-18,17.0
2021-06-19,14.9
2021-06-20,4.73
2021-06-21,2.55
2021-06-22,-0.111
2021-06-23,-1.2
2021-06-24,-0.333
2021-06-25,0.286
2021-06-26,1.08
2021-06-27,0.364
2021-06-28,2.08
2021-06-29,2.89
2021-06-30,3.0
2021-07-01,4.0
2021-07-02,0.75
2021-07-03,1.6
2021-07-04,4.81
2021-07-05,0.188
2021-07-06,1.2
2021-07-07,7.33
2021-07-08,9.67
2021-07-09,13.0
2021-07-10,10.125
2021-07-11,7.25
2021-07-12,7.25
2021-07-13,5.95
2021-07-14,4.58
2021-07-15,0.5
2021-07-16,5.6
2021-07-17,7.08
2021-07-18,7.35
2021-07-19,9.81
2021-07-20,5.85
2021-07-21,10.9
2021-07-22,11.2
2021-07-23,10.342727272727272
2021-07-24,9.485454545454544
2021-07-25,8.628181818181817
2021-07-26,7.77090909090909
2021-07-27,6.913636363636363
2021-07-28,6.056363636363636
2021-07-29,5.199090909090908
2021-07-30,4.341818181818181
2021-07-31,3.4845454545454535
2021-08-01,2.627272727272726
2021-08-02,1.77
2021-08-03,1.77
2021-08-04,1.0
2021-08-05,4.0
2021-08-06,5.46
2021-08-07,-0.947
2021-08-08,1.0
2021-08-09,7.71
2021-08-10,8.08
2021-08-11,6.04
2021-08-12,13.8
2021-08-13,3.62
2021-08-14,6.3
2021-08-15,5.0
2021-08-16,10.2
2021-08-17,9.71
2021-08-18,12.4
2021-08-19,14.3
2021-08-20,14.3
2021-08-21,15.4
2021-08-22,4.1
2021-08-23,8.0
2021-08-24,7.86
2021-08-25,9.0
2021-08-26,9.94
2021-08-27,14.3
2021-08-28,22.4
2021-08-29,6.8
2021-08-30,12.2
2021-08-31,11.4
2021-09-01,11.3
2021-09-02,19.7
2021-09-03,17.1
2021-09-04,17.1
2021-09-05,18.5
2021-09-06,7.33
2021-09-07,8.29
2021-09-08,7.67
2021-09-09,6.26
2021-09-10,3.41
2021-09-11,7.25
2021-09-12,9.05
2021-09-13,13.2
2021-09-14,9.54
2021-09-15,11.7
2021-09-16,8.87
2021-09-17,9.55
2021-09-18,4.33
2021-09-19,3.42
2021-09-20,7.04
2021-09-21,8.55
2021-09-22,4.91
2021-09-23,8.64
2021-09-24,3.75
2021-09-25,3.7463636363636366
2021-09-26,3.7427272727272727
2021-09-27,3.7390909090909092
2021-09-28,3.7354545454545454
2021-09-29,3.731818181818182
2021-09-30,3.728181818181818
2021-10-01,3.7245454545454546
2021-10-02,3.7209090909090907
2021-10-03,3.7172727272727273
2021-10-04,3.7136363636363634
2021-10-05,3.71
2021-10-06,3.7063636363636365
2021-10-07,3.7027272727272726
2021-10-08,3.699090909090909
2021-10-09,3.6954545454545453
2021-10-10,3.691818181818182
2021-10-11,3.688181818181818
2021-10-12,3.6845454545454546
2021-10-13,3.6809090909090907
2021-10-14,3.6772727272727272
2021-10-15,3.6736363636363634
2021-10-16,3.67
2021-10-17,3.6663636363636365
2021-10-18,3.6627272727272726
2021-10-19,3.659090909090909
2021-10-20,3.6554545454545453
2021-10-21,3.651818181818182
2021-10-22,3.648181818181818
2021-10-23,3.6445454545454545
2021-10-24,3.6409090909090907
2021-10-25,3.637272727272727
2021-10-26,3.6336363636363633
2021-10-27,3.63
2021-10-28,3.6263636363636365
2021-10-29,3.6227272727272726
2021-10-30,3.619090909090909
2021-10-31,3.6154545454545453
2021-11-01,3.611818181818182
2021-11-02,3.608181818181818
2021-11-03,3.6045454545454545
2021-11-04,3.6009090909090906
2021-11-05,3.597272727272727
2021-11-06,3.5936363636363633
2021-11-07,3.59
2021-11-08,4.45
2021-11-09,3.7
2021-11-10,4.58
2021-11-11,9.46
2021-11-12,12.3
2021-11-13,16.4
2021-11-14,18.3
2021-11-15,19.7
2021-11-16,5.65
2021-11-17,8.26
2021-11-18,16.0
2021-11-19,8.96
2021-11-20,9.29
2021-11-21,6.76
2021-11-22,12.1
2021-11-23,12.0
2021-11-24,7.57
2021-11-25,14.7
2021-11-26,17.3
2021-11-27,11.9
2021-11-28,26.0
2021-11-29,17.4
2021-11-30,13.8
2021-12-01,20.4
2021-12-02,30.9
2021-12-03,33.199999999999996
2021-12-04,35.5
2021-12-05,37.8
2021-12-06,37.8
2021-12-07,16.4
2021-12-08,2.21
2021-12-09,5.61
2021-12-10,5.71
2021-12-11,6.62
2021-12-12,1.24
2021-12-13,0.783
2021-12-14,3.33
2021-12-15,1.67
2021-12-16,3.27
2021-12-17,6.33
2021-12-18,11.5
2021-12-19,9.71
2021-12-20,9.71
2021-12-21,14.1
2021-12-22,8.09
2021-12-23,2.54
2021-12-24,4.61
2021-12-25,3.0
2021-12-26,3.68
2021-12-27,1.94
2021-12-28,2.67
2021-12-29,2.48
2021-12-30,2.65
2021-12-31,2.65
2022-01-01,5.56
2022-01-02,7.89
2022-01-03,2.42
2022-01-04,1.78
2022-01-05,3.04
2022-01-06,3.81
2022-01-07,0.292
2022-01-08,4.45
2022-01-09,9.29
2022-01-10,10.5
2022-01-11,10.8
2022-01-12,20.2
2022-01-13,26.3
2022-01-14,9.78
2022-01-15,10.7
2022-01-16,16.9
2022-01-17,12.7
2022-01-18,4.95
2022-01-19,8.86
2022-01-20,8.0
2022-01-21,7.13
2022-01-22,5.0
2022-01-23,14.0
2022-01-24,14.5
2022-01-25,12.3
2022-01-26,15.4
2022-01-27,12.4
2022-01-28,18.1
2022-01-29,13.1
2022-01-30,8.07
2022-01-31,9.65
2022-02-01,2.82
2022-02-02,2.8
2022-02-03,7.14
2022-02-04,18.4
2022-02-05,20.1
2022-02-06,7.95
2022-02-07,12.5
2022-02-08,13.6
2022-02-09,9.91
2022-02-10,8.62
2022-02-11,9.15
2022-02-12,17.3
2022-02-13,12.9
2022-02-14,5.14
2022-02-15,1.24
2022-02-16,3.0
2022-02-17,3.6
2022-02-18,8.63
2022-02-19,10.8
2022-02-20,5.61
2022-02-21,2.79
2022-02-22,2.7734234234234236
2022-02-23,2.7568468468468468
2022-02-24,2.7402702702702704
2022-02-25,2.7236936936936935
2022-02-26,2.707117117117117
2022-02-27,2.6905405405405407
2022-02-28,2.673963963963964
2022-03-01,2.6573873873873874
2022-03-02,2.640810810810811
2022-03-03,2.624234234234234
2022-03-04,2.607657657657658
2022-03-05,2.591081081081081
2022-03-06,2.5745045045045045
2022-03-07,2.557927927927928
2022-03-08,2.5413513513513513
2022-03-09,2.524774774774775
2022-03-10,2.508198198198198
2022-03-11,2.4916216216216216
2022-03-12,2.475045045045045
2022-03-13,2.4584684684684683
2022-03-14,2.441891891891892
2022-03-15,2.4253153153153155
2022-03-16,2.4087387387387387
2022-03-17,2.3921621621621623
2022-03-18,2.3755855855855854
2022-03-19,2.359009009009009
2022-03-20,2.3424324324324326
2022-03-21,2.3258558558558557
2022-03-22,2.3092792792792793
2022-03-23,2.292702702702703
2022-03-24,2.276126126126126
2022-03-25,2.2595495495495497
2022-03-26,2.242972972972973
2022-03-27,2.2263963963963964
2022-03-28,2.20981981981982
2022-03-29,2.193243243243243
2022-03-30,2.1766666666666667
2022-03-31,2.16009009009009
2022-04-01,2.1435135135135135
2022-04-02,2.126936936936937
2022-04-03,2.1103603603603602
2022-04-04,2.093783783783784
2022-04-05,2.0772072072072074
2022-04-06,2.0606306306306306
2022-04-07,2.044054054054054
2022-04-08,2.0274774774774773
2022-04-09,2.010900900900901
2022-04-10,1.9943243243243243
2022-04-11,1.9777477477477476
2022-04-12,1.9611711711711712
2022-04-13,1.9445945945945946
2022-04-14,1.928018018018018
2022-04-15,1.9114414414414413
2022-04-16,1.894864864864865
2022-04-17,1.8782882882882883
2022-04-18,1.8617117117117117
2022-04-19,1.845135135135135
2022-04-20,1.8285585585585586
2022-04-21,1.811981981981982
2022-04-22,1.7954054054054054
2022-04-23,1.7788288288288288
2022-04-24,1.7622522522522523
2022-04-25,1.7456756756756757
2022-04-26,1.729099099099099
2022-04-27,1.7125225225225225
2022-04-28,1.6959459459459458
2022-04-29,1.6793693693693694
2022-04-30,1.6627927927927928
2022-05-01,1.6462162162162162
2022-05-02,1.6296396396396395
2022-05-03,1.6130630630630631
2022-05-04,1.5964864864864865
2022-05-05,1.5799099099099099
2022-05-06,1.5633333333333332
2022-05-07,1.5467567567567568
2022-05-08,1.5301801801801802
2022-05-09,1.5136036036036036
2022-05-10,1.497027027027027
2022-05-11,1.4804504504504505
2022-05-12,1.463873873873874
2022-05-13,1.4472972972972973
2022-05-14,1.4307207207207207
2022-05-15,1.414144144144144
2022-05-16,1.3975675675675676
2022-05-17,1.380990990990991
2022-05-18,1.3644144144144144
2022-05-19,1.3478378378378377
2022-05-20,1.3312612612612613
2022-05-21,1.3146846846846847
2022-05-22,1.298108108108108
2022-05-23,1.2815315315315314
2022-05-24,1.264954954954955
2022-05-25,1.2483783783783784
2022-05-26,1.2318018018018018
2022-05-27,1.2152252252252251
2022-05-28,1.1986486486486485
2022-05-29,1.182072072072072
2022-05-30,1.1654954954954955
2022-05-31,1.1489189189189188
2022-06-01,1.1323423423423422
2022-06-02,1.1157657657657658
2022-06-03,1.0991891891891892
2022-06-04,1.0826126126126125
2022-06-05,1.066036036036036
2022-06-06,1.0494594594594595
2022-06-07,1.0328828828828829
2022-06-08,1.0163063063063063
2022-06-09,0.9997297297297297
2022-06-10,0.9831531531531531
2022-06-11,0.9665765765765766
2022-06-12,0.95
2022-06-13,6.73
2022-06-14,12.0
2022-06-15,11.8
2022-06-16,3.75
2022-06-17,2.79
2022-06-18,4.57
2022-06-19,8.1
2022-06-20,9.43
2022-06-21,11.1
2022-06-22,12.3
2022-06-23,4.04
2022-06-24,6.45
2022-06-25,11.7
2022-06-26,4.67
2022-06-27,5.17
2022-06-28,6.29
2022-06-29,6.04
2022-06-30,4.64
2022-07-01,4.04
2022-07-02,2.62
2022-07-03,2.33
2022-07-04,5.71
2022-07-05,3.48
2022-07-06,1.54
2022-07-07,0.292
2022-07-08,1.75
2022-07-09,2.81
2022-07-10,5.29
2022-07-11,5.46
2022-07-12,0.292
2022-07-13,1.09
2022-07-14,8.88
2022-07-15,6.22
2022-07-16,4.67
2022-07-17,11.1
2022-07-18,10.3
2022-07-19,3.17
2022-07-20,0.588
2022-07-21,2.27
2022-07-22,6.35
2022-07-23,1.67
2022-07-24,3.62
2022-07-25,0.167
2022-07-26,-0.333
2022-07-27,-0.792
2022-07-28,-0.136
2022-07-29,-0.167
2022-07-30,-0.571
2022-07-31,0.909
2022-08-01,2.3
2022-08-02,2.88
2022-08-03,2.33
2022-08-04,6.67
2022-08-05,2.71
2022-08-06,-1.5
2022-08-07,1.6
2022-08-08,1.6
2022-08-09,2.96
2022-08-10,1.58
2022-08-11,1.6389090909090909
2022-08-12,1.697818181818182
2022-08-13,1.756727272727273
2022-08-14,1.8156363636363637
2022-08-15,1.8745454545454545
2022-08-16,1.9334545454545455
2022-08-17,1.9923636363636366
2022-08-18,2.0512727272727274
2022-08-19,2.110181818181818
2022-08-20,2.169090909090909
2022-08-21,2.228
2022-08-22,2.286909090909091
2022-08-23,2.345818181818182
2022-08-24,2.404727272727273
2022-08-25,2.463636363636364
2022-08-26,2.5225454545454546
2022-08-27,2.5814545454545454
2022-08-28,2.6403636363636362
2022-08-29,2.6992727272727275
2022-08-30,2.7581818181818183
2022-08-31,2.817090909090909
2022-09-01,2.8760000000000003
2022-09-02,2.934909090909091
2022-09-03,2.993818181818182
2022-09-04,3.0527272727272727
2022-09-05,3.1116363636363635
2022-09-06,3.1705454545454548
2022-09-07,3.2294545454545456
2022-09-08,3.2883636363636364
2022-09-09,3.3472727272727276
2022-09-10,3.4061818181818184
2022-09-11,3.465090909090909
2022-09-12,3.524
2022-09-13,3.582909090909091
2022-09-14,3.641818181818182
2022-09-15,3.700727272727273
2022-09-16,3.7596363636363637
2022-09-17,3.818545454545455
2022-09-18,3.8774545454545457
2022-09-19,3.9363636363636365
2022-09-20,3.9952727272727273
2022-09-21,4.054181818181818
2022-09-22,4.113090909090909
2022-09-23,4.172000000000001
2022-09-24,4.230909090909091
2022-09-25,4.289818181818182
2022-09-26,4.348727272727273
2022-09-27,4.407636363636364
2022-09-28,4.466545454545455
2022-09-29,4.525454545454545
2022-09-30,4.584363636363636
2022-10-01,4.643272727272727
2022-10-02,4.702181818181819
2022-10-03,4.7610909090909095
2022-10-04,4.82
2022-10-05,4.08
2022-10-06,2.54
2022-10-07,1.29
2022-10-08,0.0476
2022-10-09,0.619
2022-10-10,1.67
2022-10-11,11.1
2022-10-12,8.0
2022-10-13,2.63
2022-10-14,3.25
2022-10-15,7.38
2022-10-16,9.48
2022-10-17,9.21
2022-10-18,12.3
2022-10-19,10.8
2022-10-20,9.91
2022-10-21,12.5
2022-10-22,4.42
2022-10-23,3.06
2022-10-24,0.833
2022-10-25,2.38
2022-10-26,7.25
2022-10-27,7.46
2022-10-28,5.63
2022-10-29,5.75
2022-10-30,7.67
2022-10-31,11.3
2022-11-01,2.42
2022-11-02,1.61
2022-11-03,3.17
2022-11-04,3.08
2022-11-05,-0.348
2022-11-06,3.04
2022-11-07,1.63
2022-11-08,0.636
2022-11-09,3.78
2022-11-10,4.08
2022-11-11,7.29
2022-11-12,4.88
2022-11-13,1.21
2022-11-14,6.5
2022-11-15,6.35
2022-11-16,7.79
2022-11-17,9.42
2022-11-18,11.2
2022-11-19,6.0
2022-11-20,11.6
2022-11-21,8.71
2022-11-22,10.8
2022-11-23,7.86
2022-11-24,14.9
2022-11-25,22.7
2022-11-26,11.3
2022-11-27,12.8
2022-11-28,3.92
2022-11-29,2.26
2022-11-30,2.54
2022-12-01,1.54
2022-12-02,3.71
2022-12-03,3.861142857142857
2022-12-04,4.0122857142857145
2022-12-05,4.163428571428572
2022-12-06,4.314571428571428
2022-12-07,4.465714285714285
2022-12-08,4.6168571428571425
2022-12-09,4.768
2022-12-10,4.919142857142857
2022-12-11,5.070285714285714
2022-12-12,5.2214285714285715
2022-12-13,5.372571428571429
2022-12-14,5.523714285714286
2022-12-15,5.674857142857142
2022-12-16,5.826
2022-12-17,5.977142857142857
2022-12-18,6.128285714285714
2022-12-19,6.279428571428571
2022-12-20,6.430571428571429
2022-12-21,6.581714285714286
2022-12-22,6.732857142857142
2022-12-23,6.8839999999999995
2022-12-24,7.035142857142857
2022-12-25,7.186285714285714
2022-12-26,7.337428571428571
2022-12-27,7.488571428571428
2022-12-28,7.639714285714286
2022-12-29,7.790857142857143
2022-12-30,7.942
2022-12-31,8.093142857142857
2023-01-01,8.244285714285715
2023-01-02,8.395428571428571
2023-01-03,8.54657142857143
2023-01-04,8.697714285714286
2023-01-05,8.848857142857142
2023-01-06,9.0
2023-01-07,3.21
2023-01-08,7.25
2023-01-09,9.25
2023-01-10,6.43
2023-01-11,2.1
2023-01-12,1.3046666666666669
2023-01-13,0.5093333333333334
2023-01-14,-0.286
2023-01-15,-0.286
2023-01-16,3.04
2023-01-17,5.3
2023-01-18,4.96
2023-01-19,3.04
2023-01-20,4.58
2023-01-21,5.71
2023-01-22,2.43
2023-01-23,4.83
2023-01-24,6.71
2023-01-25,11.7
2023-01-26,4.5
2023-01-27,7.29
2023-01-28,7.58
2023-01-29,3.58
2023-01-30,4.75
2023-01-31,6.08
2023-02-01,11.2
2023-02-02,11.127272727272727
2023-02-03,11.054545454545455
2023-02-04,10.98181818181818
2023-02-05,10.909090909090908
2023-02-06,10.836363636363636
2023-02-07,10.763636363636364
2023-02-08,10.690909090909091
2023-02-09,10.618181818181819
2023-02-10,10.545454545454545
2023-02-11,10.472727272727273
2023-02-12,10.4
2023-02-13,10.4
2023-02-14,3.54
2023-02-15,2.19
2023-02-16,2.178557692307692
2023-02-17,2.1671153846153848
2023-02-18,2.155673076923077
2023-02-19,2.144230769230769
2023-02-20,2.1327884615384614
2023-02-21,2.121346153846154
2023-02-22,2.109903846153846
2023-02-23,2.0984615384615384
2023-02-24,2.0870192307692306
2023-02-25,2.075576923076923
2023-02-26,2.0641346153846154
2023-02-27,2.0526923076923076
2023-02-28,2.04125
2023-03-01,2.0298076923076924
2023-03-02,2.0183653846153846
2023-03-03,2.006923076923077
2023-03-04,1.9954807692307692
2023-03-05,1.9840384615384614
2023-03-06,1.9725961538461538
2023-03-07,1.961153846153846
2023-03-08,1.9497115384615384
2023-03-09,1.9382692307692306
2023-03-10,1.926826923076923
2023-03-11,1.9153846153846152
2023-03-12,1.9039423076923077
2023-03-13,1.8924999999999998
2023-03-14,1.8810576923076923
2023-03-15,1.8696153846153845
2023-03-16,1.8581730769230769
2023-03-17,1.846730769230769
2023-03-18,1.8352884615384615
2023-03-19,1.8238461538461537
2023-03-20,1.812403846153846
2023-03-21,1.8009615384615385
2023-03-22,1.7895192307692307
2023-03-23,1.778076923076923
2023-03-24,1.7666346153846153
2023-03-25,1.7551923076923077
2023-03-26,1.74375
2023-03-27,1.7323076923076923
2023-03-28,1.7208653846153845
2023-03-29,1.709423076923077
2023-03-30,1.6979807692307691
2023-03-31,1.6865384615384615
2023-04-01,1.6750961538461537
2023-04-02,1.6636538461538461
2023-04-03,1.6522115384615383
2023-04-04,1.6407692307692308
2023-04-05,1.629326923076923
2023-04-06,1.6178846153846154
2023-04-07,1.6064423076923076
2023-04-08,1.595
2023-04-09,1.5835576923076922
2023-04-10,1.5721153846153846
2023-04-11,1.5606730769230768
2023-04-12,1.5492307692307692
2023-04-13,1.5377884615384614
2023-04-14,1.5263461538461538
2023-04-15,1.514903846153846
2023-04-16,1.5034615384615384
2023-04-17,1.4920192307692306
2023-04-18,1.480576923076923
2023-04-19,1.4691346153846152
2023-04-20,1.4576923076923076
2023-04-21,1.44625
2023-04-22,1.4348076923076922
2023-04-23,1.4233653846153846
2023-04-24,1.4119230769230768
2023-04-25,1.4004807692307693
2023-04-26,1.3890384615384614
2023-04-27,1.3775961538461539
2023-04-28,1.366153846153846
2023-04-29,1.3547115384615385
2023-04-30,1.3432692307692307
2023-05-01,1.331826923076923
2023-05-02,1.3203846153846153
2023-05-03,1.3089423076923077
2023-05-04,1.2974999999999999
2023-05-05,1.2860576923076923
2023-05-06,1.2746153846153845
2023-05-07,1.263173076923077
2023-05-08,1.251730769230769
2023-05-09,1.2402884615384615
2023-05-10,1.2288461538461537
2023-05-11,1.2174038461538461
2023-05-12,1.2059615384615383
2023-05-13,1.1945192307692307
2023-05-14,1.183076923076923
2023-05-15,1.1716346153846153
2023-05-16,1.1601923076923075
2023-05-17,1.14875
2023-05-18,1.1373076923076921
2023-05-19,1.1258653846153845
2023-05-20,1.1144230769230767
2023-05-21,1.1029807692307692
2023-05-22,1.0915384615384616
2023-05-23,1.0800961538461538
2023-05-24,1.0686538461538462
2023-05-25,1.0572115384615384
2023-05-26,1.0457692307692308
2023-05-27,1.034326923076923
2023-05-28,1.0228846153846154
2023-05-29,1.0114423076923076
2023-05-30,1.0
2023-05-31,8.83
2023-06-01,10.5
2023-06-02,9.21
2023-06-03,10.9
2023-06-04,11.3
2023-06-05,3.5
2023-06-06,3.83
2023-06-07,2.52
2023-06-08,1.25
2023-06-09,1.08
2023-06-10,3.0
2023-06-11,2.67
2023-06-12,0.792
2023-06-13,1.91
2023-06-14,3.83
2023-06-15,7.71
2023-06-16,5.08
2023-06-17,5.5
2023-06-18,6.25
2023-06-19,4.71
2023-06-20,5.3
2023-06-21,6.71
2023-06-22,5.63
2023-06-23,3.29
2023-06-24,5.75
2023-06-25,1.5
2023-06-26,3.25
2023-06-27,3.43
2023-06-28,2.79
2023-06-29,2.46
2023-06-30,3.58
2023-07-01,6.33
2023-07-02,7.83
2023-07-03,6.7
2023-07-04,6.54
2023-07-05,4.33
2023-07-06,1.5
2023-07-07,4.25
2023-07-08,4.46
2023-07-09,0.412
2023-07-10,2.77
2023-07-11,4.87
2023-07-12,1.52
2023-07-13,1.67
2023-07-14,4.33
2023-07-15,4.65
2023-07-16,7.29
2023-07-17,10.6
2023-07-18,9.57
2023-07-19,5.38
2023-07-20,7.83
2023-07-21,8.29
2023-07-22,10.0
2023-07-23,8.0
2023-07-24,3.13
2023-07-25,2.3
2023-07-26,9.58
2023-07-27,9.67
2023-07-28,6.25
2023-07-29,6.276190476190476
2023-07-30,6.302380952380952
2023-07-31,6.328571428571428
2023-08-01,6.354761904761904
2023-08-02,6.380952380952381
2023-08-03,6.4071428571428575
2023-08-04,6.433333333333334
2023-08-05,6.45952380952381
2023-08-06,6.485714285714286
2023-08-07,6.511904761904762
2023-08-08,6.538095238095238
2023-08-09,6.564285714285714
2023-08-10,6.59047619047619
2023-08-11,6.616666666666666
2023-08-12,6.642857142857143
2023-08-13,6.669047619047619
2023-08-14,6.695238095238095
2023-08-15,6.7214285714285715
2023-08-16,6.747619047619048
2023-08-17,6.773809523809524
2023-08-18,6.8
2023-08-19,6.826190476190476
2023-08-20,6.852380952380952
2023-08-21,6.878571428571429
2023-08-22,6.904761904761905
2023-08-23,6.930952380952381
2023-08-24,6.957142857142857
2023-08-25,6.983333333333333
2023-08-26,7.0095238095238095
2023-08-27,7.035714285714286
2023-08-28,7.061904761904762
2023-08-29,7.088095238095238
2023-08-30,7.114285714285714
2023-08-31,7.140476190476191
2023-09-01,7.166666666666667
2023-09-02,7.192857142857143
2023-09-03,7.219047619047619
2023-09-04,7.245238095238095
2023-09-05,7.271428571428571
2023-09-06,7.2976190476190474
2023-09-07,7.3238095238095235
2023-09-08,7.35
2023-09-09,7.376190476190477
2023-09-10,7.402380952380953
2023-09-11,7.428571428571429
2023-09-12,7.454761904761905
2023-09-13,7.480952380952381
2023-09-14,7.507142857142857
2023-09-15,7.533333333333333
2023-09-16,7.559523809523809
2023-09-17,7.585714285714285
2023-09-18,7.6119047619047615
2023-09-19,7.6380952380952385
2023-09-20,7.664285714285715
2023-09-21,7.690476190476191
2023-09-22,7.716666666666667
2023-09-23,7.742857142857143
2023-09-24,7.769047619047619
2023-09-25,7.795238095238095
2023-09-26,7.821428571428571
2023-09-27,7.847619047619047
2023-09-28,7.873809523809524
2023-09-29,7.9
2023-09-30,7.9261904761904765
2023-10-01,7.9523809523809526
2023-10-02,7.978571428571429
2023-10-03,8.004761904761905
2023-10-04,8.030952380952382
2023-10-05,8.057142857142857
2023-10-06,8.083333333333334
2023-10-07,8.10952380952381
2023-10-08,8.135714285714286
2023-10-09,8.161904761904761
2023-10-10,8.188095238095238
2023-10-11,8.214285714285714
2023-10-12,8.24047619047619
2023-10-13,8.266666666666667
2023-10-14,8.292857142857143
2023-10-15,8.31904761904762
2023-10-16,8.345238095238095
2023-10-17,8.371428571428572
2023-10-18,8.397619047619047
2023-10-19,8.423809523809524
2023-10-20,8.45
2023-10-21,8.476190476190476
2023-10-22,8.502380952380953
2023-10-23,8.528571428571428
2023-10-24,8.554761904761905
2023-10-25,8.58095238095238
2023-10-26,8.607142857142858
2023-10-27,8.633333333333333
2023-10-28,8.65952380952381
2023-10-29,8.685714285714285
2023-10-30,8.711904761904762
2023-10-31,8.738095238095239
2023-11-01,8.764285714285714
2023-11-02,8.790476190476191
2023-11-03,8.816666666666666
2023-11-04,8.842857142857143
2023-11-05,8.869047619047619
2023-11-06,8.895238095238096
2023-11-07,8.92142857142857
2023-11-08,8.947619047619048
2023-11-09,8.973809523809523
2023-11-10,9.0
2023-11-11,9.65
2023-11-12,9.57
2023-11-13,5.09
2023-11-14,5.13
2023-11-15,11.0
2023-11-16,9.3
2023-11-17,9.09
2023-11-18,2.7
2023-11-19,4.83
2023-11-20,3.13
2023-11-21,10.1
2023-11-22,11.5
2023-11-23,7.3
2023-11-24,2.91
2023-11-25,4.09
2023-11-26,5.48
2023-11-27,12.6
2023-11-28,12.1
2023-11-29,8.91
2023-11-30,5.43
2023-12-01,3.43
2023-12-02,2.36
2023-12-03,5.43
2023-12-04,7.87
2023-12-05,11.9
2023-12-06,7.09
2023-12-07,6.0
2023-12-08,3.17
2023-12-09,5.87
2023-12-10,9.87
2023-12-11,8.23
2023-12-12,7.73
2023-12-13,9.26
2023-12-14,21.0
2023-12-15,19.9
2023-12-16,17.0
2023-12-17,15.3
2023-12-18,4.83
2023-12-19,1.74
2023-12-20,2.57
2023-12-21,6.32
2023-12-22,9.04
2023-12-23,6.0
2023-12-24,9.57
2023-12-25,11.0
2023-12-26,14.5
2023-12-27,6.5
2023-12-28,6.09
2023-12-29,2.0
2023-12-30,3.91
2023-12-31,6.04
2024-01-01,12.3
2024-01-02,6.78
2024-01-03,4.52
2024-01-04,3.95
2024-01-05,8.04
2024-01-06,5.61
2024-01-07,3.52
2024-01-08,3.65
2024-01-09,3.6684
2024-01-10,3.6868
2024-01-11,3.7052
2024-01-12,3.7236
2024-01-13,3.742
2024-01-14,3.7603999999999997
2024-01-15,3.7788
2024-01-16,3.7972
2024-01-17,3.8156
2024-01-18,3.834
2024-01-19,3.8524
2024-01-20,3.8708
2024-01-21,3.8892
2024-01-22,3.9076
2024-01-23,3.926
2024-01-24,3.9444
2024-01-25,3.9628
2024-01-26,3.9812
2024-01-27,3.9996
2024-01-28,4.018
2024-01-29,4.0364
2024-01-30,4.0548
2024-01-31,4.0732
2024-02-01,4.0916
2024-02-02,4.11
2024-02-03,4.1284
2024-02-04,4.1468
2024-02-05,4.1652000000000005
2024-02-06,4.1836
2024-02-07,4.202
2024-02-08,4.2204
2024-02-09,4.2388
2024-02-10,4.2572
2024-02-11,4.2756
2024-02-12,4.2940000000000005
2024-02-13,4.3124
2024-02-14,4.3308
2024-02-15,4.3492
2024-02-16,4.3676
2024-02-17,4.386
2024-02-18,4.4044
2024-02-19,4.4228000000000005
2024-02-20,4.4412
2024-02-21,4.4596
2024-02-22,4.478000000000001
2024-02-23,4.4964
2024-02-24,4.5148
2024-02-25,4.5332
2024-02-26,4.5516000000000005
2024-02-27,4.57
2024-02-28,7.09
2024-02-29,2.96
2024-03-01,4.39
2024-03-02,3.91
2024-03-03,4.09
2024-03-04,3.83
2024-03-05,2.65
2024-03-06,3.7
2024-03-07,4.83
2024-03-08,7.04
2024-03-09,2.33
2024-03-10,3.41
2024-03-11,5.04
2024-03-12,6.48
2024-03-13,5.26
2024-03-14,2.0
2024-03-15,3.8433333333333337
2024-03-16,5.686666666666667
2024-03-17,7.53
2024-03-18,7.53
2024-03-19,6.44
2024-03-20,5.17
2024-03-21,3.54
2024-03-22,3.5
2024-03-23,5.5
2024-03-24,4.75
2024-03-25,4.46
2024-03-26,3.35
2024-03-27,3.42
2024-03-28,5.63
2024-03-29,4.21
2024-03-30,3.29
2024-03-31,9.17
2024-04-01,10.3
2024-04-02,10.0
2024-04-03,4.0
2024-04-04,1.83
2024-04-05,3.82
2024-04-06,3.67
2024-04-07,1.88
2024-04-08,6.25
2024-04-09,9.17
2024-04-10,7.96
2024-04-11,9.74
2024-04-12,3.17
2024-04-13,1.25
2024-04-14,1.13
2024-04-15,2.92
2024-04-16,6.88
2024-04-17,9.78
2024-04-18,11.4
2024-04-19,6.5
2024-04-20,4.42
2024-04-21,6.96
2024-04-22,10.8
2024-04-23,4.78
2024-04-24,5.17
2024-04-25,2.79
2024-04-26,1.75
2024-04-27,1.8036781609195403
2024-04-28,1.8573563218390805
2024-04-29,1.9110344827586208
2024-04-30,1.964712643678161
2024-05-01,2.018390804597701
2024-05-02,2.0720689655172415
2024-05-03,2.1257471264367815
2024-05-04,2.179425287356322
2024-05-05,2.233103448275862
2024-05-06,2.2867816091954025
2024-05-07,2.3404597701149426
2024-05-08,2.3941379310344826
2024-05-09,2.447816091954023
2024-05-10,2.501494252873563
2024-05-11,2.5551724137931036
2024-05-12,2.6088505747126436
2024-05-13,2.662528735632184
2024-05-14,2.716206896551724
2024-05-15,2.7698850574712646
2024-05-16,2.8235632183908046
2024-05-17,2.877241379310345
2024-05-18,2.930919540229885
2024-05-19,2.984597701149425
2024-05-20,3.0382758620689656
2024-05-21,3.0919540229885056
2024-05-22,3.145632183908046
2024-05-23,3.199310344827586
2024-05-24,3.2529885057471266
2024-05-25,3.3066666666666666
2024-05-26,3.360344827586207
2024-05-27,3.414022988505747
2024-05-28,3.467701149425287
2024-05-29,3.5213793103448277
2024-05-30,3.5750574712643677
2024-05-31,3.628735632183908
2024-06-01,3.682413793103448
2024-06-02,3.7360919540229887
2024-06-03,3.7897701149425287
2024-06-04,3.843448275862069
2024-06-05,3.897126436781609
2024-06-06,3.9508045977011497
2024-06-07,4.00448275862069
2024-06-08,4.05816091954023
2024-06-09,4.11183908045977
2024-06-10,4.165517241379311
2024-06-11,4.21919540229885
2024-06-12,4.272873563218391
2024-06-13,4.326551724137931
2024-06-14,4.380229885057472
2024-06-15,4.433908045977011
2024-06-16,4.487586206896552
2024-06-17,4.541264367816092
2024-06-18,4.594942528735633
2024-06-19,4.648620689655172
2024-06-20,4.702298850574713
2024-06-21,4.755977011494253
2024-06-22,4.809655172413793
2024-06-23,4.863333333333333
2024-06-24,4.917011494252874
2024-06-25,4.970689655172414
2024-06-26,5.024367816091954
2024-06-27,5.078045977011494
2024-06-28,5.131724137931035
2024-06-29,5.185402298850574
2024-06-30,5.239080459770115
2024-07-01,5.292758620689655
2024-07-02,5.346436781609196
2024-07-03,5.400114942528735
2024-07-04,5.453793103448276
2024-07-05,5.507471264367816
2024-07-06,5.561149425287357
2024-07-07,5.614827586206896
2024-07-08,5.668505747126437
2024-07-09,5.722183908045977
2024-07-10,5.775862068965517
2024-07-11,5.829540229885057
2024-07-12,5.883218390804598
2024-07-13,5.936896551724138
2024-07-14,5.990574712643678
2024-07-15,6.044252873563218
2024-07-16,6.097931034482759
2024-07-17,6.151609195402299
2024-07-18,6.205287356321839
2024-07-19,6.258965517241379
2024-07-20,6.31264367816092
2024-07-21,6.3663218390804595
2024-07-22,6.42
2024-07-23,6.3
2024-07-24,12.1
2024-07-25,7.83
2024-07-26,8.13
2024-07-27,2.95
2024-07-28,1.725
2024-07-29,0.5
2024-07-30,0.5
2024-07-31,-0.583
2024-08-01,-0.739
2024-08-02,0.958
2024-08-03,1.75
2024-08-04,2.33
2024-08-05,6.54
2024-08-06,8.43
2024-08-07,17.0
2024-08-08,0.429
2024-08-09,4.0
2024-08-10,6.88
2024-08-11,1.75
2024-08-12,9.05
2024-08-13,0.0
2024-08-14,0.0
2024-08-15,0.0
2024-08-16,28.6
2024-08-17,0.0
2024-08-18,0.0
2024-08-19,0.0
2024-08-20,8.09
2024-08-21,9.24
2024-08-22,7.8
2024-08-23,8.75
2024-08-24,10.3
2024-08-25,10.3
2024-08-26,10.6
2024-08-27,10.6
2024-08-28,10.7
2024-08-29,12.4
2024-08-30,12.6
2024-08-31,11.035
2024-09-01,9.47
2024-09-02,9.47
2024-09-03,10.2
2024-09-04,8.13
2024-09-05,7.33
2024-09-06,7.0
2024-09-07,6.64
2024-09-08,6.64
2024-09-09,8.67
2024-09-10,0.646
2024-09-11,3.8
2024-09-12,9.9
2024-09-13,14.3
2024-09-14,14.600000000000001
2024-09-15,14.9
2024-09-16,14.9
2024-09-17,10.4
2024-09-18,10.4
2024-09-19,10.4
2024-09-20,10.4
2024-09-21,10.4
2024-09-22,10.4
2024-09-23,10.4
2024-09-24,10.4
2024-09-25,10.4
2024-09-26,10.4
2024-09-27,10.4
2024-09-28,10.4
2024-09-29,10.4
2024-09-30,10.4
2024-10-01,10.4
2024-10-02,10.4
2024-10-03,10.4
2024-10-04,10.4
2024-10-05,10.4
2024-10-06,10.4
2024-10-07,10.4
2024-10-08,10.4
2024-10-09,10.4
2024-10-10,10.4
2024-10-11,10.4
2024-10-12,10.4
2024-10-13,10.4
2024-10-14,10.4
2024-10-15,10.4
2024-10-16,10.4
2024-10-17,10.4
2024-10-18,10.4
2024-10-19,10.4
2024-10-20,10.4
2024-10-21,10.4
2024-10-22,10.4
2024-10-23,10.4
2024-10-24,10.4
2024-10-25,10.4
2024-10-26,10.4
2024-10-27,10.4
2024-10-28,10.4
2024-10-29,10.4
2024-10-30,10.4
2024-10-31,10.4
2024-11-01,10.4
2024-11-02,10.4
2024-11-03,10.4
2024-11-04,10.4
2024-11-05,10.4
2024-11-06,10.4
2024-11-07,10.4
2024-11-08,10.4
2024-11-09,10.4
2024-11-10,10.4
2024-11-11,10.4
2024-11-12,10.4
2024-11-13,10.4
2024-11-14,10.4
2024-11-15,10.4
2024-11-16,10.4
2024-11-17,10.4
2024-11-18,10.4
2024-11-19,10.4
2024-11-20,10.4
2024-11-21,10.4
2024-11-22,10.4
2024-11-23,10.4
2024-11-24,10.4
2024-11-25,10.4
2024-11-26,10.4
2024-11-27,10.4
2024-11-28,10.4
2024-11-29,10.4
2024-11-30,10.4
2024-12-01,10.4
2024-12-02,10.4
2024-12-03,10.4
2024-12-04,10.4
2024-12-05,10.4
2024-12-06,10.4
2024-12-07,10.4
2024-12-08,10.4
2024-12-09,10.4
2024-12-10,10.4
2024-12-11,10.4
2024-12-12,10.4
2024-12-13,10.4
2024-12-14,10.4
2024-12-15,10.4
2024-12-16,10.4
2024-12-17,10.4
2024-12-18,10.4
2024-12-19,10.4
2024-12-20,10.4
2024-12-21,10.4
2024-12-22,10.4
2024-12-23,10.4
2024-12-24,10.4
2024-12-25,10.4
2024-12-26,10.4
2024-12-27,10.4
2024-12-28,10.4
2024-12-29,10.4
2024-12-30,10.4
2024-12-31,10.4
